Name,Link,Address
Above and Beyond Healthcare,https://www.hnhbhealthline.ca/displayService.aspx?id=180349,
Above and Beyond Healthcare,https://www.hnhbhealthline.ca/displayService.aspx?id=180349,905-385-7666
Access Personal Support,https://www.hnhbhealthline.ca/displayService.aspx?id=179344,"1 Hunter St E, Ground Fl, Hamilton, ON  L8N 3W1"
Access Personal Support,https://www.hnhbhealthline.ca/displayService.aspx?id=179344,905-777-2411
Alert Best Nursing and Home Care,https://www.hnhbhealthline.ca/displayService.aspx?id=179801,"290 Caroline St S, Hamilton, ON  L8P 3L9"
Alert Best Nursing and Home Care,https://www.hnhbhealthline.ca/displayService.aspx?id=179801,905-524-5990
At Your Senior Service,https://www.hnhbhealthline.ca/displayService.aspx?id=179802,
At Your Senior Service,https://www.hnhbhealthline.ca/displayService.aspx?id=179802,289-981-2187
Bayshore Home Health - Hamilton,https://www.hnhbhealthline.ca/displayService.aspx?id=179803,"Limeridge Medical Centre, 849 Upper Wentworth St, Unit 301, Hamiton, ON  L9A 5H4"
Bayshore Home Health - Hamilton,https://www.hnhbhealthline.ca/displayService.aspx?id=179803,905-521-8411Private Line: 905-523-5999
Bayshore Home Health - Hamilton - Gold Cross Home Care,https://www.hnhbhealthline.ca/displayService.aspx?id=181018,"1360 Upper Sherman Ave, Hamilton, ON  L8W 3Z6"
Bayshore Home Health - Hamilton - Gold Cross Home Care,https://www.hnhbhealthline.ca/displayService.aspx?id=181018,905-381-9201905-523-5999 ext 2
Best Care Agency,https://www.hnhbhealthline.ca/displayService.aspx?id=180828,"28 Rhinestone Court, Binbrook, ON  L0R 1C0"
Best Care Agency,https://www.hnhbhealthline.ca/displayService.aspx?id=180828,905-719-4915
Brooke's Home Care,https://www.hnhbhealthline.ca/displayService.aspx?id=180799,"Hamilton, ON"
Brooke's Home Care,https://www.hnhbhealthline.ca/displayService.aspx?id=180799,1-866-982-0505
Capability Support Services - Thrive Group - Assisted Living - 801 Upper Gage Ave,https://www.hnhbhealthline.ca/displayService.aspx?id=193395,"801 Upper Gage Ave, Hamilton, ON  L8V 4R7"
Capability Support Services - Thrive Group - Assisted Living - 801 Upper Gage Ave,https://www.hnhbhealthline.ca/displayService.aspx?id=193395,289-408-8000
Capability Support Services - Thrive Group - Burlington/Hamilton/Dunnville - Community Outreach Relay Program,https://www.hnhbhealthline.ca/displayService.aspx?id=186899,"565 Sanatorium Rd, Hamilton, ON  L9C 7N4"
Capability Support Services - Thrive Group - Burlington/Hamilton/Dunnville - Community Outreach Relay Program,https://www.hnhbhealthline.ca/displayService.aspx?id=186899,289-408-8000
Capability Support Services - Thrive Group - Vis-Able,https://www.hnhbhealthline.ca/displayService.aspx?id=178741,"565 Sanatorium Rd, Hamilton, ON  L9C 7N4"
Capability Support Services - Thrive Group - Vis-Able,https://www.hnhbhealthline.ca/displayService.aspx?id=178741,289-408-8000
CBI Home Health - Hamilton - Fennell Ave E,https://www.hnhbhealthline.ca/displayService.aspx?id=180864,"1119 Fennell Ave E, Suite 238, Hamilton, ON  L8T 1S2"
CBI Home Health - Hamilton - Fennell Ave E,https://www.hnhbhealthline.ca/displayService.aspx?id=180864,905-560-6318
Choice Living Homecare,https://www.hnhbhealthline.ca/displayService.aspx?id=180496,
Choice Living Homecare,https://www.hnhbhealthline.ca/displayService.aspx?id=180496,289-241-0654905-515-6003
GoldTouch Home Care,https://www.hnhbhealthline.ca/displayService.aspx?id=180120,
GoldTouch Home Care,https://www.hnhbhealthline.ca/displayService.aspx?id=180120,905-921-0782
Home Instead Senior Care - Hamilton,https://www.hnhbhealthline.ca/displayService.aspx?id=180629,"108 George St, 2nd Floor, Hamilton, ON  L8P 1E2"
Home Instead Senior Care - Hamilton,https://www.hnhbhealthline.ca/displayService.aspx?id=180629,905-521-5500
Home Sweet Home Care For Seniors,https://www.hnhbhealthline.ca/displayService.aspx?id=180974,
Home Sweet Home Care For Seniors,https://www.hnhbhealthline.ca/displayService.aspx?id=180974,289-880-2273 (289-880-CARE)
March of Dimes Canada - South Central Ontario - Outreach Attendant Services - Hamilton,https://www.hnhbhealthline.ca/displayService.aspx?id=181067,"20 Jarvis St, 1st Fl, Hamilton, ON  L8R 1M2"
March of Dimes Canada - South Central Ontario - Outreach Attendant Services - Hamilton,https://www.hnhbhealthline.ca/displayService.aspx?id=181067,905-528-4261
ParaMed Home Health Care - Hamilton,https://www.hnhbhealthline.ca/displayService.aspx?id=181429,"883 Upper Wentworth, Suite 301, Hamilton, ON  L9A 4Y6"
ParaMed Home Health Care - Hamilton,https://www.hnhbhealthline.ca/displayService.aspx?id=181429,905-318-8522
Qualicare Family Homecare-KWCH,https://www.hnhbhealthline.ca/displayService.aspx?id=191198,"1521 Upper Ottawa St, Unit 2, Hamilton, ON  L8W 3J4"
Qualicare Family Homecare-KWCH,https://www.hnhbhealthline.ca/displayService.aspx?id=191198,289-769-1269
Right at Home Canada - Hamilton,https://www.hnhbhealthline.ca/displayService.aspx?id=180779,"2 Highland Park Dr, Dundas, ON  L9H 3L8"
Right at Home Canada - Hamilton,https://www.hnhbhealthline.ca/displayService.aspx?id=180779,905-628-1200
"SE Health - Hamilton, Niagara, Haldimand, Brant",https://www.hnhbhealthline.ca/displayService.aspx?id=181294,"1525 Stone Church Rd E, Hamilton, ON  L8W 3P8"
"SE Health - Hamilton, Niagara, Haldimand, Brant",https://www.hnhbhealthline.ca/displayService.aspx?id=181294,1-888-275-2299
SeePlus Healthcare Services,https://www.hnhbhealthline.ca/displayService.aspx?id=193500,"27 Arno St, Hamilton, ON  L8W 1L9"
SeePlus Healthcare Services,https://www.hnhbhealthline.ca/displayService.aspx?id=193500,905-581-7184905-902-7710
Seniors Homecare by Angels - Hamilton,https://www.hnhbhealthline.ca/displayService.aspx?id=181328,"297 Hwy 8, Suite 202, Stoney Creek, ON  L8G 1E6"
Seniors Homecare by Angels - Hamilton,https://www.hnhbhealthline.ca/displayService.aspx?id=181328,905-594-1122
Solus Support Services,https://www.hnhbhealthline.ca/displayService.aspx?id=173564,"22 Wilson St, Unit 9, Third Fl, Hamilton, ON  L8R 1C5"
Solus Support Services,https://www.hnhbhealthline.ca/displayService.aspx?id=173564,416-824-6201
"Spectrum Health Care - Seniors for Seniors - Burlington, Hamilton and Niagara",https://www.hnhbhealthline.ca/displayService.aspx?id=181316,"21 Hunter St E, Unit 103, Hamilton, ON  L8N 1M2"
"Spectrum Health Care - Seniors for Seniors - Burlington, Hamilton and Niagara",https://www.hnhbhealthline.ca/displayService.aspx?id=181316,Hamilton: 905-572-6162Niagara: 905-937-3677
St Joseph's Home Care - Neighbourhood Model for Seniors at Risk,https://www.hnhbhealthline.ca/displayService.aspx?id=179660,"226 Rebecca St, Suite 102, Hamilton, ON  L8R 1C3"
St Joseph's Home Care - Neighbourhood Model for Seniors at Risk,https://www.hnhbhealthline.ca/displayService.aspx?id=179660,905-525-1375
Victorian Order of Nurses - Hamilton,https://www.hnhbhealthline.ca/displayService.aspx?id=180381,"414 Victoria Ave N, Suite M2, Hamilton, ON  L8L 5G8"
Victorian Order of Nurses - Hamilton,https://www.hnhbhealthline.ca/displayService.aspx?id=180381,905-529-0700
Caring Heart Nursing Services,https://www.hnhbhealthline.ca/displayService.aspx?id=188619,"55 Village Centre Place, Suite 200, Mississauga, ON  L4Z 1V9"
Caring Heart Nursing Services,https://www.hnhbhealthline.ca/displayService.aspx?id=188619,416-628-7066
Grand River Nursing,https://www.hnhbhealthline.ca/displayService.aspx?id=192328,"22 McKay St E, Cayuga, ON  N0A 1E0"
Grand River Nursing,https://www.hnhbhealthline.ca/displayService.aspx?id=192328,905-906-2126
Home Care Assistance - GTA West,https://www.hnhbhealthline.ca/displayService.aspx?id=112152,"2525 Old Bronte Rd, Suite 212, Oakville, ON  L6M 4J2"
Home Care Assistance - GTA West,https://www.hnhbhealthline.ca/displayService.aspx?id=112152,289-276-1966
Home Instead Senior Care - Brantford,https://www.hnhbhealthline.ca/displayService.aspx?id=183262,"43 Spalding Dr, Brantford, ON  N3T 1M2"
Home Instead Senior Care - Brantford,https://www.hnhbhealthline.ca/displayService.aspx?id=183262,519-752-4663
Home Instead Senior Care - Oakville - Home Care Services,https://www.hnhbhealthline.ca/displayService.aspx?id=92688,"461 North Service Rd W, Suite B4, Oakville, ON  L6M 2V5"
Home Instead Senior Care - Oakville - Home Care Services,https://www.hnhbhealthline.ca/displayService.aspx?id=92688,905-847-8433289-635-1692
HomeWell Senior Care of Burlington,https://www.hnhbhealthline.ca/displayService.aspx?id=179001,"2349 Fairview St, Unit 323, Burlington, ON  L7R 2E3"
HomeWell Senior Care of Burlington,https://www.hnhbhealthline.ca/displayService.aspx?id=179001,905-639-4357
Living Assistance Services,https://www.hnhbhealthline.ca/displayService.aspx?id=183757,"5063 North Service Rd, Suite 200, Burlington, ON  L7L 5H6"
Living Assistance Services,https://www.hnhbhealthline.ca/displayService.aspx?id=183757,905-630-5499
March of Dimes Canada - South Central Ontario - Outreach Attendant Services - Burlington/North Halton,https://www.hnhbhealthline.ca/displayService.aspx?id=181057,"3228 S Service Rd, Burlington, ON  L7N 3H8"
March of Dimes Canada - South Central Ontario - Outreach Attendant Services - Burlington/North Halton,https://www.hnhbhealthline.ca/displayService.aspx?id=181057,905-631-9683 ext 5105
Milestone Health Services - Halton Region,https://www.hnhbhealthline.ca/displayService.aspx?id=146767,"1011 Upper Middle Rd E, Suite 1461, Oakville, ON  L6H 5Z9"
Milestone Health Services - Halton Region,https://www.hnhbhealthline.ca/displayService.aspx?id=146767,905-864-9020
Nurse Next Door Niagara,https://www.hnhbhealthline.ca/displayService.aspx?id=185745,"30 Albert St E, Thorold, ON  L2V 1P1"
Nurse Next Door Niagara,https://www.hnhbhealthline.ca/displayService.aspx?id=185745,289-203-1725
Ontario Personal Support Workers Association,https://www.hnhbhealthline.ca/displayService.aspx?id=182567,"101 Holiday Inn Drive, PO Box 29045, Cambridge, ON  N3C 1Z3"
Ontario Personal Support Workers Association,https://www.hnhbhealthline.ca/displayService.aspx?id=182567,
Right at Home Halton - Burlington/Milton/Waterdown Office,https://www.hnhbhealthline.ca/displayService.aspx?id=179131,"1100 Walkers Line, Suite 301, Burlington, ON  L7N 2G3"
Right at Home Halton - Burlington/Milton/Waterdown Office,https://www.hnhbhealthline.ca/displayService.aspx?id=179131,905-331-4663
Visiting Angels,https://www.hnhbhealthline.ca/displayService.aspx?id=181659,"197 Ontario St, St Catharines, ON  L2R 5K8"
Visiting Angels,https://www.hnhbhealthline.ca/displayService.aspx?id=181659,St Catharines: 905-685-4242Hamilton: 905-296-3148 Burlington: 905-901-4782
